Profile_Name,Profile_Handle,Bio,Location,Website,Following_Count,Followers_Count
GTN UK,@GTNUK1,"Providing Entertainment & Travel to Commercial Radio. Reaching 28.9M weekly listeners. Winners of The Arqiva National Sales Team of the Year 2010, 2011 & 2016","London, England",https://t.co/aJKvkwp2dG,456 Following,136 Followers
WhatsApp,@WhatsApp,"push, push",California,https://t.co/ku2ShnxNRC,4 Following,5.5M Followers
A & A Customs Broker,@aacb_CBPTrade,Customs Broker,"Florida, USA",,124 Following,44 Followers
A&A Customs Brokers,@aacbdotcom,A & A Freight | Warehousing | Customs Brokerage | Helping people ship across borders.,Worldwide,http://t.co/laZo1M99c7,"3,883 Following",700 Followers
A&A Window Products,@AAWindowPRODUCT,A commercial glass and glazing company serving the window industry in New England since 1954. #SafetyQualityService,"Malden, MA",https://t.co/UrYUiEDwWi,88 Following,82 Followers
A & B Kia,@AandB_Kia,"A&B Kia is a Kia dealer in Benwood, WV. Stay connected to exceed expectations. Build strong relationships. Drive the best with us.","Benwood, West Virginia ",http://t.co/H1m1Bi9YHp,332 Following,297 Followers
A&B Home,@ABHomeInc,"Industry leader in wholesale home decor, furniture, and garden, since 1993.","Rancho Cucamonga, CA",https://t.co/2lx3XxMZio,178 Following,367 Followers
A & B Reprographics,@Abrepro,"From large format black & white prints to the most sophisticated of digital color printing jobs, A & B can get the job done right.","Bentonville, AR",http://t.co/zyISURRqvP,123 Following,134 Followers
,,,,,,
A & C CHRISTOFI LTD,@ACChristofiLtd,"A & C CHRISTOFI LTD is a fast growing professional services company based in Limassol, Cyprus. Our main Concern is your Business.",Cyprus,https://t.co/msJpvYtuAt,291 Following,93 Followers
New to X?,,,,,,
,,,,,,
A & E Technologies,@AETechnologies1,,"Boulder, CO USA",http://t.co/eMS6qX752b,1 Following,34 Followers
Wix,@Wix,"Create, manage and grow your business online with Wix. It’s more than just a website builder, it’s how your vision comes to life. For support: @WixHelp.",We're everywhere!,https://t.co/vzQPGJokOE,"3,722 Following",414.7K Followers
A & G Insurance LLC,@AGInsuranceLLC,"A & G Insurance prides itself on being your local, full service, Independent Insurance Agency.",Connecticut,http://t.co/qDF7dVozxt,257 Following,100 Followers
